{
    "appid": "wx63f41bd959e38029",
    "compileType": "miniprogram",
    "libVersion": "3.3.4",
    "packOptions": {
        "ignore": [],
        "include": []
    },
    "setting": {
        "coverView": true,
        "es6": true,
        "postcss": true,
        "minified": true,
        "enhance": true,
        "showShadowRootInWxmlPanel": true,
        "packNpmRelationList": [],
        "babelSetting": {
            "ignore": [],
            "disablePlugins": [],
            "outputPath": ""
        }
    },
    "condition": {},
    "editorSetting": {
        "tabIndent": "auto",
        "tabSize": 4
    }
}